bank,country,currency,product_type,document,url,local_filename,effective_date,downloaded_on
BCA,Indonesia,IDR,credit_card,BCA Credit Card product summary (EN),https://www.bca.co.id/-/media/Files/Individu/produk/Credit-Card/RIPLAY-KARTU-KREDIT-EN,,,
BCA,Indonesia,IDR,credit_card,BCA Everyday card page,https://www.bca.co.id/en/Individu/produk/Kartu-Kredit/Everyday-card,,,
BCA,Indonesia,IDR,savings,Riplay Personal Tahapan,https://www.bca.co.id/en/Others/riplay/riplay-personal-tahapan,,,
BCA,Indonesia,IDR,savings,Tahapan Xpresi,https://www.bca.co.id/en/Individu/produk/simpanan/Tahapan-Xpresi,,,
Maybank,Malaysia,MYR,credit_card,Credit Card Fees & Charges,https://www.maybank2u.com.my/maybank2u/malaysia/en/personal/banking_fees/credit_card.page,,,
Maybank,Malaysia,MYR,credit_card,Maybank 2 Cards Premier product disclosure sheet,https://www.maybank2u.com.my/iwov-resources/pdf/personal/cards/credit_cards/PDS_Maybank_2_Cards_Premier.pdf,,,
Maybank,Malaysia,MYR,savings,Savings Account Fees and Charges,https://www.maybank2u.com.my/maybank2u/malaysia/en/personal/accounts/fees_charges/fees_and_charges_savings_accounts.page,,,
Maybank,Malaysia,MYR,savings,Savings account comparison,https://www.maybank2u.com.my/maybank2u/malaysia/en/personal/accounts/savings_account_compare.page,,,
DBS,Singapore,SGD,credit_card,Credit Card Annual Fee,https://www.dbs.com.sg/personal/support/card-charges-and-fees-annual-fee.html,,,
DBS,Singapore,SGD,credit_card,Foreign Transaction Fees,https://www.dbs.com.sg/personal/support/card-charges-and-fees-overseas-transaction-fees.html,,,
DBS,Singapore,SGD,credit_card,Interest Rate & Finance Charges,https://www.dbs.com.sg/personal/support/card-charges-and-fees-finance-charge.html,,,
DBS,Singapore,SGD,credit_card,Cash Advance Fee,https://www.dbs.com.sg/personal/support/card-charges-and-fees-cash-advance-fee.html,,,
DBS,Singapore,SGD,savings,Deposits Guide for Individuals,https://www.dbs.com.sg/iwov-resources/pdf/deposits/DBS_deposit_guide.pdf,,,
DBS,Singapore,SGD,savings,Minimum Balance Service Charge,https://www.dbs.com.sg/personal/support/bank-deposit-accounts-fall-below-fee.html,,,
Techcombank,Vietnam,VND,credit_card,Credit Card Fee Schedule (non-tier),https://techcombank.com/content/dam/techcombank/public-site/documents/techcombank-credit-card-service-fee-penalty-schedule-applicable-to-non-tier-customers.pdf,,,
Techcombank,Vietnam,VND,credit_card,Credit Card Interest Rates,https://techcombank.com/content/dam/techcombank/public-site/documents/en-lai-suat-the-tin-dung-quoc-te-techcombank.pdf,,,
Techcombank,Vietnam,VND,savings,Account Services Fee (non-tier),https://techcombank.com/content/dam/techcombank/public-site/documents/techcombank-account-services-fee-applicable-for-non-tier-customers.pdf,,,
Techcombank,Vietnam,VND,savings,Debit Card Fee Schedule,https://techcombank.com/content/dam/techcombank/public-site/documents/debit-card-service-fee-penalty-schedule.pdf,,,
BPI,Philippines,PHP,credit_card,Credit Card Rates and Fees,https://www.bpi.com.ph/personal/cards/credit-cards/rates-and-fees,,,
BPI,Philippines,PHP,savings,Account Maintenance and Transaction Fees,https://www.bpi.com.ph/personal/bank/fees/account-maintenance-and-transaction,,,
BPI,Philippines,PHP,savings,MySaveUp fees and charges,https://www.bpi.com.ph/personal/bank/fees/my-saveup,,,
